{
  "cpu_usage_over_time": [
    49.1562281228414,
    52.25119479365141,
    40.248341931464374,
    53.646589634460355,
    26.562831212142505,
    42.929917995432675,
    31.371066619117485,
    47.28537906510901,
    42.5744020541818,
    30.036140920500305,
    52.972049401324036,
    44.88554074831146,
    53.00546207427263,
    54.51797409450323,
    45.59616332753703,
    35.53527221155898,
    36.17723711843117,
    47.65684651039254,
    38.04814996482805,
    42.18715504300398,
    25.7921008238113,
    51.99512953575763,
    54.340664648693,
    28.10802203162067,
    29.728626321393023,
    48.10318488731506,
    38.95993131369571,
    52.77107225918111,
    42.85127725175521,
    47.105584633683975,
    28.091192518450107,
    27.358220516753473,
    33.933861316059556,
    47.40521010642775,
    37.50229472371384,
    37.15000558875825,
    44.20220993282102,
    47.09412932173256,
    36.0696016165311,
    52.10717041871928,
    28.84971769421322,
    40.58520879854841,
    28.342235875954337,
    28.958254466585384,
    40.38576542478866,
    42.223054220029425,
    54.738662105780776,
    45.75925720307593,
    26.929465291706983,
    27.652274256305247,
    42.18890043004672,
    51.33651810286845,
    34.95555586407514,
    31.623027474923042,
    41.980892645939,
    53.02987833810578,
    33.53635931435854,
    26.70797708819561,
    34.44858819560279,
    28.356841862478326
  ],
  "hash_rate_over_time": [
    1058.5350082734765,
    1030.3820901040167,
    1098.7364385373255,
    1015.445202461132,
    1026.2604522556362,
    1100.5400590523604,
    1123.5347835785612,
    1133.296454848088,
    1045.779424771371,
    1065.9749850285152,
    1134.5162268724334,
    1112.9358140783675,
    1100.473122037471,
    1112.5450063655624,
    1082.5694801212371,
    1086.9718063710918,
    1088.0617732289766,
    1091.451116025738,
    1151.2297121777224,
    1127.2010988060727,
    1108.1950076475655,
    1154.781542279918,
    1127.234119749237,
    1149.2199835646313,
    1179.2626068598051,
    1164.350668186896,
    1182.2131258753973,
    1137.2463859124182,
    1162.80793007563,
    1155.3659005873835,
    1219.9612388476348,
    1171.7924955915275,
    1202.5141317876848,
    1193.2631104436482,
    1233.2392479506993,
    1253.6979350011757,
    1210.8678285409337,
    1259.6242204143996,
    1232.0181591934809,
    1278.9185179046003,
    1251.9330057546388,
    1210.061066030811,
    1258.0894254694103,
    1221.8393681089392,
    1260.7837981280836,
    1287.997222002989,
    1310.609699931094,
    1333.278952933574,
    1269.7380318850142,
    1334.801326300032,
    1286.5745716985866,
    1266.0124204260844,
    1305.6053798992857,
    1324.844909603172,
    1288.2152772908432,
    1358.0770067752746,
    1335.679592765999,
    1330.5760962873376,
    1352.390501004371,
    1378.1337977286794
  ],
  "memory_usage_over_time": [
    292.42435520382526,
    268.9585739500562,
    266.42416628850265,
    262.6294153088923,
    271.0571482471333,
    275.81432166912634,
    274.96168981431,
    298.5772651667631,
    305.2433115525795,
    297.48027426159626,
    306.69882281071364,
    320.8487491016558,
    274.34014105178017,
    323.73807848733634,
    326.3863383951485,
    315.5544750494895,
    293.55345346499547,
    293.7733545825645,
    304.9340703593532,
    312.50282527828625,
    319.30192052087233,
    337.627346363032,
    333.0938595784566,
    304.5838493445265,
    323.5351661066214,
    349.39689717260234,
    342.51799726355307,
    348.2342988923826,
    308.1029931537321,
    327.3236284928252,
    339.3651548109486,
    328.0735063353934,
    345.38944776690244,
    320.6514449868073,
    324.7954889696812,
    357.22832045035824,
    329.47977074316503,
    342.8448202648667,
    356.6995921714381,
    371.89405594442724,
    341.8531488037012,
    350.6524207485241,
    366.4695229153389,
    336.6059162013589,
    349.73272409232123,
    386.268762495711,
    388.1321580447762,
    387.8370697302457,
    378.95606012434854,
    382.88945136068116,
    380.9036905667395,
    357.8806174868007,
    396.75746776291385,
    393.8900600119972,
    404.6648141722367,
    405.23656409840777,
    403.160383171193,
    380.63316350604543,
    367.256629417185,
    374.96348270489074
  ],
  "network_activity_over_time": [
    {
      "bytes_received": 8074,
      "bytes_sent": 4244,
      "peers_connected": 3,
      "timestamp": "2025-05-23T15:16:54.723239787Z"
    },
    {
      "bytes_received": 9922,
      "bytes_sent": 2548,
      "peers_connected": 4,
      "timestamp": "2025-05-23T15:17:54.723242269Z"
    },
    {
      "bytes_received": 7263,
      "bytes_sent": 4723,
      "peers_connected": 5,
      "timestamp": "2025-05-23T15:18:54.723242708Z"
    },
    {
      "bytes_received": 7704,
      "bytes_sent": 4825,
      "peers_connected": 6,
      "timestamp": "2025-05-23T15:19:54.723243104Z"
    },
    {
      "bytes_received": 11146,
      "bytes_sent": 4988,
      "peers_connected": 7,
      "timestamp": "2025-05-23T15:20:54.723243477Z"
    },
    {
      "bytes_received": 9129,
      "bytes_sent": 2514,
      "peers_connected": 8,
      "timestamp": "2025-05-23T15:21:54.723261937Z"
    },
    {
      "bytes_received": 7654,
      "bytes_sent": 4170,
      "peers_connected": 9,
      "timestamp": "2025-05-23T15:22:54.723263289Z"
    },
    {
      "bytes_received": 2911,
      "bytes_sent": 2165,
      "peers_connected": 3,
      "timestamp": "2025-05-23T15:23:54.723263842Z"
    },
    {
      "bytes_received": 3572,
      "bytes_sent": 5931,
      "peers_connected": 4,
      "timestamp": "2025-05-23T15:24:54.723264212Z"
    },
    {
      "bytes_received": 7298,
      "bytes_sent": 3236,
      "peers_connected": 5,
      "timestamp": "2025-05-23T15:25:54.723264584Z"
    },
    {
      "bytes_received": 2228,
      "bytes_sent": 5683,
      "peers_connected": 6,
      "timestamp": "2025-05-23T15:26:54.723264955Z"
    },
    {
      "bytes_received": 7055,
      "bytes_sent": 3921,
      "peers_connected": 7,
      "timestamp": "2025-05-23T15:27:54.723265336Z"
    },
    {
      "bytes_received": 3047,
      "bytes_sent": 3481,
      "peers_connected": 8,
      "timestamp": "2025-05-23T15:28:54.723265703Z"
    },
    {
      "bytes_received": 4989,
      "bytes_sent": 4769,
      "peers_connected": 9,
      "timestamp": "2025-05-23T15:29:54.723266306Z"
    },
    {
      "bytes_received": 11037,
      "bytes_sent": 1198,
      "peers_connected": 3,
      "timestamp": "2025-05-23T15:30:54.723266673Z"
    },
    {
      "bytes_received": 9106,
      "bytes_sent": 3520,
      "peers_connected": 4,
      "timestamp": "2025-05-23T15:31:54.723267084Z"
    },
    {
      "bytes_received": 9554,
      "bytes_sent": 3392,
      "peers_connected": 5,
      "timestamp": "2025-05-23T15:32:54.723267448Z"
    },
    {
      "bytes_received": 4191,
      "bytes_sent": 3033,
      "peers_connected": 6,
      "timestamp": "2025-05-23T15:33:54.723268327Z"
    },
    {
      "bytes_received": 10444,
      "bytes_sent": 1769,
      "peers_connected": 7,
      "timestamp": "2025-05-23T15:34:54.723268692Z"
    },
    {
      "bytes_received": 3461,
      "bytes_sent": 2020,
      "peers_connected": 8,
      "timestamp": "2025-05-23T15:35:54.723269072Z"
    }
  ]
}